ZIP,Date,Datatype,Value,Station
07307,2019-01-01T00:00:00,PRCP,0.06,GHCND:USW00094728
07307,2019-01-01T00:00:00,TMAX,58.0,GHCND:USW00094728
07307,2019-01-01T00:00:00,TMIN,39.0,GHCND:USW00094728
07307,2019-01-02T00:00:00,PRCP,0.0,GHCND:USW00094728
07307,2019-01-02T00:00:00,TMAX,40.0,GHCND:USW00094728
07307,2019-01-02T00:00:00,TMIN,35.0,GHCND:USW00094728
07307,2019-01-03T00:00:00,PRCP,0.0,GHCND:USW00094728
07307,2019-01-03T00:00:00,TMAX,44.0,GHCND:USW00094728
07307,2019-01-03T00:00:00,TMIN,37.0,GHCND:USW00094728
07307,2019-01-04T00:00:00,PRCP,0.0,GHCND:USW00094728
07307,2019-01-04T00:00:00,TMAX,47.0,GHCND:USW00094728
07307,2019-01-04T00:00:00,TMIN,35.0,GHCND:USW00094728
07307,2019-01-05T00:00:00,PRCP,0.5,GHCND:USW00094728
07307,2019-01-05T00:00:00,TMAX,47.0,GHCND:USW00094728
07307,2019-01-05T00:00:00,TMIN,41.0,GHCND:USW00094728
07307,2019-01-06T00:00:00,PRCP,0.0,GHCND:USW00094728
07307,2019-01-06T00:00:00,TMAX,49.0,GHCND:USW00094728
07307,2019-01-06T00:00:00,TMIN,31.0,GHCND:USW00094728
07307,2019-01-07T00:00:00,PRCP,0.0,GHCND:USW00094728
07307,2019-01-07T00:00:00,TMAX,34.0,GHCND:USW00094728
07307,2019-01-07T00:00:00,TMIN,25.0,GHCND:USW00094728
07307,2019-01-08T00:00:00,PRCP,0.17,GHCND:USW00094728
07307,2019-01-08T00:00:00,TMAX,45.0,GHCND:USW00094728
07307,2019-01-08T00:00:00,TMIN,34.0,GHCND:USW00094728
07307,2019-01-09T00:00:00,PRCP,0.06,GHCND:USW00094728
07307,2019-01-09T00:00:00,TMAX,45.0,GHCND:USW00094728
07307,2019-01-09T00:00:00,TMIN,34.0,GHCND:USW00094728
07307,2019-01-10T00:00:00,PRCP,0.0,GHCND:USW00094728
07307,2019-01-10T00:00:00,TMAX,34.0,GHCND:USW00094728
07307,2019-01-10T00:00:00,TMIN,28.0,GHCND:USW00094728
07307,2019-01-11T00:00:00,PRCP,0.0,GHCND:USW00094728
07307,2019-01-11T00:00:00,TMAX,30.0,GHCND:USW00094728
07307,2019-01-11T00:00:00,TMIN,21.0,GHCND:USW00094728
07307,2019-01-12T00:00:00,PRCP,0.0,GHCND:USW00094728
07307,2019-01-12T00:00:00,TMAX,34.0,GHCND:USW00094728
07307,2019-01-12T00:00:00,TMIN,20.0,GHCND:USW00094728
07307,2019-01-13T00:00:00,PRCP,0.0,GHCND:USW00094728
07307,2019-01-13T00:00:00,TMAX,33.0,GHCND:USW00094728
07307,2019-01-13T00:00:00,TMIN,25.0,GHCND:USW00094728
07307,2019-01-14T00:00:00,PRCP,0.0,GHCND:USW00094728
07307,2019-01-14T00:00:00,TMAX,32.0,GHCND:USW00094728
07307,2019-01-14T00:00:00,TMIN,22.0,GHCND:USW00094728
07307,2019-01-15T00:00:00,PRCP,0.0,GHCND:USW00094728
07307,2019-01-15T00:00:00,TMAX,36.0,GHCND:USW00094728
07307,2019-01-15T00:00:00,TMIN,25.0,GHCND:USW00094728
07307,2019-01-16T00:00:00,PRCP,0.0,GHCND:USW00094728
07307,2019-01-16T00:00:00,TMAX,39.0,GHCND:USW00094728
07307,2019-01-16T00:00:00,TMIN,30.0,GHCND:USW00094728
07307,2019-01-17T00:00:00,PRCP,0.0,GHCND:USW00094728
07307,2019-01-17T00:00:00,TMAX,33.0,GHCND:USW00094728
07307,2019-01-17T00:00:00,TMIN,24.0,GHCND:USW00094728
07307,2019-01-18T00:00:00,PRCP,0.05,GHCND:USW00094728
07307,2019-01-18T00:00:00,TMAX,39.0,GHCND:USW00094728
07307,2019-01-18T00:00:00,TMIN,29.0,GHCND:USW00094728
07307,2019-01-19T00:00:00,PRCP,0.29,GHCND:USW00094728
07307,2019-01-19T00:00:00,TMAX,37.0,GHCND:USW00094728
07307,2019-01-19T00:00:00,TMIN,32.0,GHCND:USW00094728
07307,2019-01-20T00:00:00,PRCP,0.88,GHCND:USW00094728
07307,2019-01-20T00:00:00,TMAX,42.0,GHCND:USW00094728
07307,2019-01-20T00:00:00,TMIN,14.0,GHCND:USW00094728
07307,2019-01-21T00:00:00,PRCP,0.0,GHCND:USW00094728
07307,2019-01-21T00:00:00,TMAX,14.0,GHCND:USW00094728
07307,2019-01-21T00:00:00,TMIN,4.0,GHCND:USW00094728
07307,2019-01-22T00:00:00,PRCP,0.0,GHCND:USW00094728
07307,2019-01-22T00:00:00,TMAX,31.0,GHCND:USW00094728
07307,2019-01-22T00:00:00,TMIN,13.0,GHCND:USW00094728
07307,2019-01-23T00:00:00,PRCP,0.0,GHCND:USW00094728
07307,2019-01-23T00:00:00,TMAX,52.0,GHCND:USW00094728
07307,2019-01-23T00:00:00,TMIN,31.0,GHCND:USW00094728
07307,2019-01-24T00:00:00,PRCP,1.33,GHCND:USW00094728
07307,2019-01-24T00:00:00,TMAX,59.0,GHCND:USW00094728
07307,2019-01-24T00:00:00,TMIN,35.0,GHCND:USW00094728
07307,2019-01-25T00:00:00,PRCP,0.0,GHCND:USW00094728
07307,2019-01-25T00:00:00,TMAX,40.0,GHCND:USW00094728
07307,2019-01-25T00:00:00,TMIN,28.0,GHCND:USW00094728
07307,2019-01-26T00:00:00,PRCP,0.0,GHCND:USW00094728
07307,2019-01-26T00:00:00,TMAX,35.0,GHCND:USW00094728
07307,2019-01-26T00:00:00,TMIN,24.0,GHCND:USW00094728
07307,2019-01-27T00:00:00,PRCP,0.0,GHCND:USW00094728
07307,2019-01-27T00:00:00,TMAX,49.0,GHCND:USW00094728
07307,2019-01-27T00:00:00,TMIN,32.0,GHCND:USW00094728
07307,2019-01-28T00:00:00,PRCP,0.0,GHCND:USW00094728
07307,2019-01-28T00:00:00,TMAX,38.0,GHCND:USW00094728
07307,2019-01-28T00:00:00,TMIN,25.0,GHCND:USW00094728
07307,2019-01-29T00:00:00,PRCP,0.23,GHCND:USW00094728
07307,2019-01-29T00:00:00,TMAX,43.0,GHCND:USW00094728
07307,2019-01-29T00:00:00,TMIN,25.0,GHCND:USW00094728
07307,2019-01-30T00:00:00,PRCP,0.01,GHCND:USW00094728
07307,2019-01-30T00:00:00,TMAX,35.0,GHCND:USW00094728
07307,2019-01-30T00:00:00,TMIN,6.0,GHCND:USW00094728
07307,2019-01-31T00:00:00,PRCP,0.0,GHCND:USW00094728
07307,2019-01-31T00:00:00,TMAX,16.0,GHCND:USW00094728
07307,2019-01-31T00:00:00,TMIN,2.0,GHCND:USW00094728
07307,2019-02-01T00:00:00,PRCP,0.0,GHCND:USW00094728
07307,2019-02-01T00:00:00,TMAX,21.0,GHCND:USW00094728
07307,2019-02-01T00:00:00,TMIN,11.0,GHCND:USW00094728
07307,2019-02-02T00:00:00,PRCP,0.0,GHCND:USW00094728
07307,2019-02-02T00:00:00,TMAX,34.0,GHCND:USW00094728
07307,2019-02-02T00:00:00,TMIN,16.0,GHCND:USW00094728
07307,2019-02-03T00:00:00,PRCP,0.0,GHCND:USW00094728
07307,2019-02-03T00:00:00,TMAX,53.0,GHCND:USW00094728
07307,2019-02-03T00:00:00,TMIN,33.0,GHCND:USW00094728
07307,2019-02-04T00:00:00,PRCP,0.0,GHCND:USW00094728
07307,2019-02-04T00:00:00,TMAX,61.0,GHCND:USW00094728
07307,2019-02-04T00:00:00,TMIN,41.0,GHCND:USW00094728
07307,2019-02-05T00:00:00,PRCP,0.0,GHCND:USW00094728
07307,2019-02-05T00:00:00,TMAX,65.0,GHCND:USW00094728
07307,2019-02-05T00:00:00,TMIN,44.0,GHCND:USW00094728
07307,2019-02-06T00:00:00,PRCP,0.45,GHCND:USW00094728
07307,2019-02-06T00:00:00,TMAX,46.0,GHCND:USW00094728
07307,2019-02-06T00:00:00,TMIN,35.0,GHCND:USW00094728
07307,2019-02-07T00:00:00,PRCP,0.07,GHCND:USW00094728
07307,2019-02-07T00:00:00,TMAX,44.0,GHCND:USW00094728
07307,2019-02-07T00:00:00,TMIN,39.0,GHCND:USW00094728
07307,2019-02-08T00:00:00,PRCP,0.37,GHCND:USW00094728
07307,2019-02-08T00:00:00,TMAX,55.0,GHCND:USW00094728
07307,2019-02-08T00:00:00,TMIN,32.0,GHCND:USW00094728
07307,2019-02-09T00:00:00,PRCP,0.0,GHCND:USW00094728
07307,2019-02-09T00:00:00,TMAX,32.0,GHCND:USW00094728
07307,2019-02-09T00:00:00,TMIN,23.0,GHCND:USW00094728
07307,2019-02-10T00:00:00,PRCP,0.0,GHCND:USW00094728
07307,2019-02-10T00:00:00,TMAX,35.0,GHCND:USW00094728
07307,2019-02-10T00:00:00,TMIN,23.0,GHCND:USW00094728
07307,2019-02-11T00:00:00,PRCP,0.0,GHCND:USW00094728
07307,2019-02-11T00:00:00,TMAX,38.0,GHCND:USW00094728
07307,2019-02-11T00:00:00,TMIN,30.0,GHCND:USW00094728
07307,2019-02-12T00:00:00,PRCP,0.75,GHCND:USW00094728
07307,2019-02-12T00:00:00,TMAX,36.0,GHCND:USW00094728
07307,2019-02-12T00:00:00,TMIN,26.0,GHCND:USW00094728
07307,2019-02-13T00:00:00,PRCP,0.08,GHCND:USW00094728
07307,2019-02-13T00:00:00,TMAX,41.0,GHCND:USW00094728
07307,2019-02-13T00:00:00,TMIN,33.0,GHCND:USW00094728
07307,2019-02-14T00:00:00,PRCP,0.0,GHCND:USW00094728
07307,2019-02-14T00:00:00,TMAX,46.0,GHCND:USW00094728
07307,2019-02-14T00:00:00,TMIN,33.0,GHCND:USW00094728
07307,2019-02-15T00:00:00,PRCP,0.0,GHCND:USW00094728
07307,2019-02-15T00:00:00,TMAX,59.0,GHCND:USW00094728
07307,2019-02-15T00:00:00,TMIN,42.0,GHCND:USW00094728
07307,2019-02-16T00:00:00,PRCP,0.0,GHCND:USW00094728
07307,2019-02-16T00:00:00,TMAX,47.0,GHCND:USW00094728
07307,2019-02-16T00:00:00,TMIN,32.0,GHCND:USW00094728
07307,2019-02-17T00:00:00,PRCP,0.04,GHCND:USW00094728
07307,2019-02-17T00:00:00,TMAX,38.0,GHCND:USW00094728
07307,2019-02-17T00:00:00,TMIN,26.0,GHCND:USW00094728
07307,2019-02-18T00:00:00,PRCP,0.09,GHCND:USW00094728
07307,2019-02-18T00:00:00,TMAX,42.0,GHCND:USW00094728
07307,2019-02-18T00:00:00,TMIN,26.0,GHCND:USW00094728
07307,2019-02-19T00:00:00,PRCP,0.0,GHCND:USW00094728
07307,2019-02-19T00:00:00,TMAX,36.0,GHCND:USW00094728
07307,2019-02-19T00:00:00,TMIN,23.0,GHCND:USW00094728
07307,2019-02-20T00:00:00,PRCP,0.57,GHCND:USW00094728
07307,2019-02-20T00:00:00,TMAX,33.0,GHCND:USW00094728
07307,2019-02-20T00:00:00,TMIN,26.0,GHCND:USW00094728
07307,2019-02-21T00:00:00,PRCP,0.1,GHCND:USW00094728
07307,2019-02-21T00:00:00,TMAX,52.0,GHCND:USW00094728
07307,2019-02-21T00:00:00,TMIN,33.0,GHCND:USW00094728
07307,2019-02-22T00:00:00,PRCP,0.0,GHCND:USW00094728
07307,2019-02-22T00:00:00,TMAX,44.0,GHCND:USW00094728
07307,2019-02-22T00:00:00,TMIN,36.0,GHCND:USW00094728
07307,2019-02-23T00:00:00,PRCP,0.01,GHCND:USW00094728
07307,2019-02-23T00:00:00,TMAX,42.0,GHCND:USW00094728
07307,2019-02-23T00:00:00,TMIN,32.0,GHCND:USW00094728
07307,2019-02-24T00:00:00,PRCP,0.58,GHCND:USW00094728
07307,2019-02-24T00:00:00,TMAX,47.0,GHCND:USW00094728
07307,2019-02-24T00:00:00,TMIN,36.0,GHCND:USW00094728
07307,2019-02-25T00:00:00,PRCP,0.0,GHCND:USW00094728
07307,2019-02-25T00:00:00,TMAX,43.0,GHCND:USW00094728
07307,2019-02-25T00:00:00,TMIN,28.0,GHCND:USW00094728
07307,2019-02-26T00:00:00,PRCP,0.0,GHCND:USW00094728
07307,2019-02-26T00:00:00,TMAX,36.0,GHCND:USW00094728
07307,2019-02-26T00:00:00,TMIN,25.0,GHCND:USW00094728
07307,2019-02-27T00:00:00,PRCP,0.0,GHCND:USW00094728
07307,2019-02-27T00:00:00,TMAX,31.0,GHCND:USW00094728
07307,2019-02-27T00:00:00,TMIN,23.0,GHCND:USW00094728
07307,2019-02-28T00:00:00,PRCP,0.03,GHCND:USW00094728
07307,2019-02-28T00:00:00,TMAX,37.0,GHCND:USW00094728
07307,2019-02-28T00:00:00,TMIN,27.0,GHCND:USW00094728
07307,2019-03-01T00:00:00,PRCP,0.11,GHCND:USW00094728
07307,2019-03-01T00:00:00,TMAX,35.0,GHCND:USW00094728
07307,2019-03-01T00:00:00,TMIN,26.0,GHCND:USW00094728
07307,2019-03-02T00:00:00,PRCP,0.53,GHCND:USW00094728
07307,2019-03-02T00:00:00,TMAX,41.0,GHCND:USW00094728
07307,2019-03-02T00:00:00,TMIN,31.0,GHCND:USW00094728
07307,2019-03-03T00:00:00,PRCP,0.52,GHCND:USW00094728
07307,2019-03-03T00:00:00,TMAX,42.0,GHCND:USW00094728
07307,2019-03-03T00:00:00,TMIN,33.0,GHCND:USW00094728
07307,2019-03-04T00:00:00,PRCP,0.29,GHCND:USW00094728
07307,2019-03-04T00:00:00,TMAX,38.0,GHCND:USW00094728
07307,2019-03-04T00:00:00,TMIN,28.0,GHCND:USW00094728
07307,2019-03-05T00:00:00,PRCP,0.0,GHCND:USW00094728
07307,2019-03-05T00:00:00,TMAX,32.0,GHCND:USW00094728
07307,2019-03-05T00:00:00,TMIN,20.0,GHCND:USW00094728
07307,2019-03-06T00:00:00,PRCP,0.0,GHCND:USW00094728
07307,2019-03-06T00:00:00,TMAX,26.0,GHCND:USW00094728
07307,2019-03-06T00:00:00,TMIN,19.0,GHCND:USW00094728
07307,2019-03-07T00:00:00,PRCP,0.0,GHCND:USW00094728
07307,2019-03-07T00:00:00,TMAX,32.0,GHCND:USW00094728
07307,2019-03-07T00:00:00,TMIN,18.0,GHCND:USW00094728
07307,2019-03-08T00:00:00,PRCP,0.0,GHCND:USW00094728
07307,2019-03-08T00:00:00,TMAX,39.0,GHCND:USW00094728
07307,2019-03-08T00:00:00,TMIN,24.0,GHCND:USW00094728
07307,2019-03-09T00:00:00,PRCP,0.0,GHCND:USW00094728
07307,2019-03-09T00:00:00,TMAX,49.0,GHCND:USW00094728
07307,2019-03-09T00:00:00,TMIN,34.0,GHCND:USW00094728
07307,2019-03-10T00:00:00,PRCP,0.54,GHCND:USW00094728
07307,2019-03-10T00:00:00,TMAX,43.0,GHCND:USW00094728
07307,2019-03-10T00:00:00,TMIN,35.0,GHCND:USW00094728
07307,2019-03-11T00:00:00,PRCP,0.0,GHCND:USW00094728
07307,2019-03-11T00:00:00,TMAX,53.0,GHCND:USW00094728
07307,2019-03-11T00:00:00,TMIN,39.0,GHCND:USW00094728
07307,2019-03-12T00:00:00,PRCP,0.0,GHCND:USW00094728
07307,2019-03-12T00:00:00,TMAX,44.0,GHCND:USW00094728
07307,2019-03-12T00:00:00,TMIN,34.0,GHCND:USW00094728
07307,2019-03-13T00:00:00,PRCP,0.0,GHCND:USW00094728
07307,2019-03-13T00:00:00,TMAX,49.0,GHCND:USW00094728
07307,2019-03-13T00:00:00,TMIN,32.0,GHCND:USW00094728
07307,2019-03-14T00:00:00,PRCP,0.0,GHCND:USW00094728
07307,2019-03-14T00:00:00,TMAX,57.0,GHCND:USW00094728
07307,2019-03-14T00:00:00,TMIN,42.0,GHCND:USW00094728
07307,2019-03-15T00:00:00,PRCP,0.39,GHCND:USW00094728
07307,2019-03-15T00:00:00,TMAX,75.0,GHCND:USW00094728
07307,2019-03-15T00:00:00,TMIN,49.0,GHCND:USW00094728
07307,2019-03-16T00:00:00,PRCP,0.0,GHCND:USW00094728
07307,2019-03-16T00:00:00,TMAX,58.0,GHCND:USW00094728
07307,2019-03-16T00:00:00,TMIN,37.0,GHCND:USW00094728
07307,2019-03-17T00:00:00,PRCP,0.0,GHCND:USW00094728
07307,2019-03-17T00:00:00,TMAX,45.0,GHCND:USW00094728
07307,2019-03-17T00:00:00,TMIN,34.0,GHCND:USW00094728
07307,2019-03-18T00:00:00,PRCP,0.0,GHCND:USW00094728
07307,2019-03-18T00:00:00,TMAX,46.0,GHCND:USW00094728
07307,2019-03-18T00:00:00,TMIN,32.0,GHCND:USW00094728
07307,2019-03-19T00:00:00,PRCP,0.0,GHCND:USW00094728
07307,2019-03-19T00:00:00,TMAX,51.0,GHCND:USW00094728
07307,2019-03-19T00:00:00,TMIN,35.0,GHCND:USW00094728
07307,2019-03-20T00:00:00,PRCP,0.0,GHCND:USW00094728
07307,2019-03-20T00:00:00,TMAX,53.0,GHCND:USW00094728
07307,2019-03-20T00:00:00,TMIN,37.0,GHCND:USW00094728
07307,2019-03-21T00:00:00,PRCP,0.75,GHCND:USW00094728
07307,2019-03-21T00:00:00,TMAX,46.0,GHCND:USW00094728
07307,2019-03-21T00:00:00,TMIN,41.0,GHCND:USW00094728
07307,2019-03-22T00:00:00,PRCP,0.68,GHCND:USW00094728
07307,2019-03-22T00:00:00,TMAX,49.0,GHCND:USW00094728
07307,2019-03-22T00:00:00,TMIN,38.0,GHCND:USW00094728
07307,2019-03-23T00:00:00,PRCP,0.0,GHCND:USW00094728
07307,2019-03-23T00:00:00,TMAX,48.0,GHCND:USW00094728
07307,2019-03-23T00:00:00,TMIN,35.0,GHCND:USW00094728
07307,2019-03-24T00:00:00,PRCP,0.0,GHCND:USW00094728
07307,2019-03-24T00:00:00,TMAX,60.0,GHCND:USW00094728
07307,2019-03-24T00:00:00,TMIN,38.0,GHCND:USW00094728
07307,2019-03-25T00:00:00,PRCP,0.0,GHCND:USW00094728
07307,2019-03-25T00:00:00,TMAX,56.0,GHCND:USW00094728
07307,2019-03-25T00:00:00,TMIN,42.0,GHCND:USW00094728
07307,2019-03-26T00:00:00,PRCP,0.0,GHCND:USW00094728
07307,2019-03-26T00:00:00,TMAX,49.0,GHCND:USW00094728
07307,2019-03-26T00:00:00,TMIN,33.0,GHCND:USW00094728
07307,2019-03-27T00:00:00,PRCP,0.0,GHCND:USW00094728
07307,2019-03-27T00:00:00,TMAX,47.0,GHCND:USW00094728
07307,2019-03-27T00:00:00,TMIN,34.0,GHCND:USW00094728
07307,2019-03-28T00:00:00,PRCP,0.0,GHCND:USW00094728
07307,2019-03-28T00:00:00,TMAX,53.0,GHCND:USW00094728
07307,2019-03-28T00:00:00,TMIN,37.0,GHCND:USW00094728
07307,2019-03-29T00:00:00,PRCP,0.0,GHCND:USW00094728
07307,2019-03-29T00:00:00,TMAX,59.0,GHCND:USW00094728
07307,2019-03-29T00:00:00,TMIN,49.0,GHCND:USW00094728
07307,2019-03-30T00:00:00,PRCP,0.0,GHCND:USW00094728
07307,2019-03-30T00:00:00,TMAX,70.0,GHCND:USW00094728
07307,2019-03-30T00:00:00,TMIN,52.0,GHCND:USW00094728
07307,2019-03-31T00:00:00,PRCP,0.06,GHCND:USW00094728
07307,2019-03-31T00:00:00,TMAX,65.0,GHCND:USW00094728
07307,2019-03-31T00:00:00,TMIN,39.0,GHCND:USW00094728
07307,2019-04-01T00:00:00,PRCP,0.0,GHCND:USW00094728
07307,2019-04-01T00:00:00,TMAX,46.0,GHCND:USW00094728
07307,2019-04-01T00:00:00,TMIN,33.0,GHCND:USW00094728
07307,2019-04-02T00:00:00,PRCP,0.0,GHCND:USW00094728
07307,2019-04-02T00:00:00,TMAX,52.0,GHCND:USW00094728
07307,2019-04-02T00:00:00,TMIN,39.0,GHCND:USW00094728
07307,2019-04-03T00:00:00,PRCP,0.0,GHCND:USW00094728
07307,2019-04-03T00:00:00,TMAX,67.0,GHCND:USW00094728
07307,2019-04-03T00:00:00,TMIN,41.0,GHCND:USW00094728
07307,2019-04-04T00:00:00,PRCP,0.0,GHCND:USW00094728
07307,2019-04-04T00:00:00,TMAX,60.0,GHCND:USW00094728
07307,2019-04-04T00:00:00,TMIN,44.0,GHCND:USW00094728
07307,2019-04-05T00:00:00,PRCP,0.2,GHCND:USW00094728
07307,2019-04-05T00:00:00,TMAX,45.0,GHCND:USW00094728
07307,2019-04-05T00:00:00,TMIN,38.0,GHCND:USW00094728
07307,2019-04-06T00:00:00,PRCP,0.0,GHCND:USW00094728
07307,2019-04-06T00:00:00,TMAX,68.0,GHCND:USW00094728
07307,2019-04-06T00:00:00,TMIN,39.0,GHCND:USW00094728
07307,2019-04-07T00:00:00,PRCP,0.0,GHCND:USW00094728
07307,2019-04-07T00:00:00,TMAX,66.0,GHCND:USW00094728
07307,2019-04-07T00:00:00,TMIN,51.0,GHCND:USW00094728
07307,2019-04-08T00:00:00,PRCP,0.26,GHCND:USW00094728
07307,2019-04-08T00:00:00,TMAX,79.0,GHCND:USW00094728
07307,2019-04-08T00:00:00,TMIN,49.0,GHCND:USW00094728
07307,2019-04-09T00:00:00,PRCP,0.03,GHCND:USW00094728
07307,2019-04-09T00:00:00,TMAX,51.0,GHCND:USW00094728
07307,2019-04-09T00:00:00,TMIN,46.0,GHCND:USW00094728
07307,2019-04-10T00:00:00,PRCP,0.0,GHCND:USW00094728
07307,2019-04-10T00:00:00,TMAX,60.0,GHCND:USW00094728
07307,2019-04-10T00:00:00,TMIN,45.0,GHCND:USW00094728
07307,2019-04-11T00:00:00,PRCP,0.0,GHCND:USW00094728
07307,2019-04-11T00:00:00,TMAX,55.0,GHCND:USW00094728
07307,2019-04-11T00:00:00,TMIN,40.0,GHCND:USW00094728
07307,2019-04-12T00:00:00,PRCP,0.63,GHCND:USW00094728
07307,2019-04-12T00:00:00,TMAX,68.0,GHCND:USW00094728
07307,2019-04-12T00:00:00,TMIN,46.0,GHCND:USW00094728
07307,2019-04-13T00:00:00,PRCP,0.24,GHCND:USW00094728
07307,2019-04-13T00:00:00,TMAX,77.0,GHCND:USW00094728
07307,2019-04-13T00:00:00,TMIN,59.0,GHCND:USW00094728
07307,2019-04-14T00:00:00,PRCP,0.01,GHCND:USW00094728
07307,2019-04-14T00:00:00,TMAX,73.0,GHCND:USW00094728
07307,2019-04-14T00:00:00,TMIN,60.0,GHCND:USW00094728
07307,2019-04-15T00:00:00,PRCP,0.96,GHCND:USW00094728
07307,2019-04-15T00:00:00,TMAX,65.0,GHCND:USW00094728
07307,2019-04-15T00:00:00,TMIN,46.0,GHCND:USW00094728
07307,2019-04-16T00:00:00,PRCP,0.0,GHCND:USW00094728
07307,2019-04-16T00:00:00,TMAX,66.0,GHCND:USW00094728
07307,2019-04-16T00:00:00,TMIN,44.0,GHCND:USW00094728
07307,2019-04-17T00:00:00,PRCP,0.01,GHCND:USW00094728
07307,2019-04-17T00:00:00,TMAX,63.0,GHCND:USW00094728
07307,2019-04-17T00:00:00,TMIN,48.0,GHCND:USW00094728
07307,2019-04-18T00:00:00,PRCP,0.0,GHCND:USW00094728
07307,2019-04-18T00:00:00,TMAX,62.0,GHCND:USW00094728
07307,2019-04-18T00:00:00,TMIN,51.0,GHCND:USW00094728
07307,2019-04-19T00:00:00,PRCP,0.01,GHCND:USW00094728
07307,2019-04-19T00:00:00,TMAX,80.0,GHCND:USW00094728
07307,2019-04-19T00:00:00,TMIN,58.0,GHCND:USW00094728
07307,2019-04-20T00:00:00,PRCP,0.7,GHCND:USW00094728
07307,2019-04-20T00:00:00,TMAX,64.0,GHCND:USW00094728
07307,2019-04-20T00:00:00,TMIN,55.0,GHCND:USW00094728
07307,2019-04-21T00:00:00,PRCP,0.0,GHCND:USW00094728
07307,2019-04-21T00:00:00,TMAX,66.0,GHCND:USW00094728
07307,2019-04-21T00:00:00,TMIN,53.0,GHCND:USW00094728
07307,2019-04-22T00:00:00,PRCP,0.24,GHCND:USW00094728
07307,2019-04-22T00:00:00,TMAX,64.0,GHCND:USW00094728
07307,2019-04-22T00:00:00,TMIN,52.0,GHCND:USW00094728
07307,2019-04-23T00:00:00,PRCP,0.08,GHCND:USW00094728
07307,2019-04-23T00:00:00,TMAX,77.0,GHCND:USW00094728
07307,2019-04-23T00:00:00,TMIN,56.0,GHCND:USW00094728
07307,2019-04-24T00:00:00,PRCP,0.0,GHCND:USW00094728
07307,2019-04-24T00:00:00,TMAX,69.0,GHCND:USW00094728
07307,2019-04-24T00:00:00,TMIN,55.0,GHCND:USW00094728
07307,2019-04-25T00:00:00,PRCP,0.02,GHCND:USW00094728
07307,2019-04-25T00:00:00,TMAX,66.0,GHCND:USW00094728
07307,2019-04-25T00:00:00,TMIN,48.0,GHCND:USW00094728
07307,2019-04-26T00:00:00,PRCP,1.03,GHCND:USW00094728
07307,2019-04-26T00:00:00,TMAX,59.0,GHCND:USW00094728
07307,2019-04-26T00:00:00,TMIN,51.0,GHCND:USW00094728
07307,2019-04-27T00:00:00,PRCP,0.07,GHCND:USW00094728
07307,2019-04-27T00:00:00,TMAX,58.0,GHCND:USW00094728
07307,2019-04-27T00:00:00,TMIN,47.0,GHCND:USW00094728
07307,2019-04-28T00:00:00,PRCP,0.01,GHCND:USW00094728
07307,2019-04-28T00:00:00,TMAX,53.0,GHCND:USW00094728
07307,2019-04-28T00:00:00,TMIN,45.0,GHCND:USW00094728
07307,2019-04-29T00:00:00,PRCP,0.01,GHCND:USW00094728
07307,2019-04-29T00:00:00,TMAX,60.0,GHCND:USW00094728
07307,2019-04-29T00:00:00,TMIN,41.0,GHCND:USW00094728
07307,2019-04-30T00:00:00,PRCP,0.04,GHCND:USW00094728
07307,2019-04-30T00:00:00,TMAX,60.0,GHCND:USW00094728
07307,2019-04-30T00:00:00,TMIN,48.0,GHCND:USW00094728
07307,2019-05-01T00:00:00,PRCP,0.0,GHCND:USW00094728
07307,2019-05-01T00:00:00,TMAX,56.0,GHCND:USW00094728
07307,2019-05-01T00:00:00,TMIN,50.0,GHCND:USW00094728
07307,2019-05-02T00:00:00,PRCP,0.01,GHCND:USW00094728
07307,2019-05-02T00:00:00,TMAX,78.0,GHCND:USW00094728
07307,2019-05-02T00:00:00,TMIN,50.0,GHCND:USW00094728
07307,2019-05-03T00:00:00,PRCP,0.06,GHCND:USW00094728
07307,2019-05-03T00:00:00,TMAX,56.0,GHCND:USW00094728
07307,2019-05-03T00:00:00,TMIN,50.0,GHCND:USW00094728
07307,2019-05-04T00:00:00,PRCP,0.11,GHCND:USW00094728
07307,2019-05-04T00:00:00,TMAX,71.0,GHCND:USW00094728
07307,2019-05-04T00:00:00,TMIN,53.0,GHCND:USW00094728
07307,2019-05-05T00:00:00,PRCP,1.31,GHCND:USW00094728
07307,2019-05-05T00:00:00,TMAX,58.0,GHCND:USW00094728
07307,2019-05-05T00:00:00,TMIN,51.0,GHCND:USW00094728
07307,2019-05-06T00:00:00,PRCP,0.0,GHCND:USW00094728
07307,2019-05-06T00:00:00,TMAX,74.0,GHCND:USW00094728
07307,2019-05-06T00:00:00,TMIN,51.0,GHCND:USW00094728
07307,2019-05-07T00:00:00,PRCP,0.11,GHCND:USW00094728
07307,2019-05-07T00:00:00,TMAX,70.0,GHCND:USW00094728
07307,2019-05-07T00:00:00,TMIN,52.0,GHCND:USW00094728
07307,2019-05-08T00:00:00,PRCP,0.0,GHCND:USW00094728
07307,2019-05-08T00:00:00,TMAX,71.0,GHCND:USW00094728
07307,2019-05-08T00:00:00,TMIN,55.0,GHCND:USW00094728
07307,2019-05-09T00:00:00,PRCP,0.0,GHCND:USW00094728
07307,2019-05-09T00:00:00,TMAX,61.0,GHCND:USW00094728
07307,2019-05-09T00:00:00,TMIN,53.0,GHCND:USW00094728
07307,2019-05-10T00:00:00,PRCP,0.04,GHCND:USW00094728
07307,2019-05-10T00:00:00,TMAX,73.0,GHCND:USW00094728
07307,2019-05-10T00:00:00,TMIN,56.0,GHCND:USW00094728
07307,2019-05-11T00:00:00,PRCP,0.04,GHCND:USW00094728
07307,2019-05-11T00:00:00,TMAX,69.0,GHCND:USW00094728
07307,2019-05-11T00:00:00,TMIN,56.0,GHCND:USW00094728
07307,2019-05-12T00:00:00,PRCP,1.32,GHCND:USW00094728
07307,2019-05-12T00:00:00,TMAX,59.0,GHCND:USW00094728
07307,2019-05-12T00:00:00,TMIN,43.0,GHCND:USW00094728
07307,2019-05-13T00:00:00,PRCP,0.7,GHCND:USW00094728
07307,2019-05-13T00:00:00,TMAX,48.0,GHCND:USW00094728
07307,2019-05-13T00:00:00,TMIN,42.0,GHCND:USW00094728
07307,2019-05-14T00:00:00,PRCP,0.3,GHCND:USW00094728
07307,2019-05-14T00:00:00,TMAX,52.0,GHCND:USW00094728
07307,2019-05-14T00:00:00,TMIN,44.0,GHCND:USW00094728
07307,2019-05-15T00:00:00,PRCP,0.01,GHCND:USW00094728
07307,2019-05-15T00:00:00,TMAX,69.0,GHCND:USW00094728
07307,2019-05-15T00:00:00,TMIN,44.0,GHCND:USW00094728
07307,2019-05-16T00:00:00,PRCP,0.12,GHCND:USW00094728
07307,2019-05-16T00:00:00,TMAX,73.0,GHCND:USW00094728
07307,2019-05-16T00:00:00,TMIN,52.0,GHCND:USW00094728
07307,2019-05-17T00:00:00,PRCP,0.03,GHCND:USW00094728
07307,2019-05-17T00:00:00,TMAX,76.0,GHCND:USW00094728
07307,2019-05-17T00:00:00,TMIN,60.0,GHCND:USW00094728
07307,2019-05-18T00:00:00,PRCP,0.0,GHCND:USW00094728
07307,2019-05-18T00:00:00,TMAX,75.0,GHCND:USW00094728
07307,2019-05-18T00:00:00,TMIN,56.0,GHCND:USW00094728
07307,2019-05-19T00:00:00,PRCP,0.06,GHCND:USW00094728
07307,2019-05-19T00:00:00,TMAX,76.0,GHCND:USW00094728
07307,2019-05-19T00:00:00,TMIN,60.0,GHCND:USW00094728
07307,2019-05-20T00:00:00,PRCP,0.0,GHCND:USW00094728
07307,2019-05-20T00:00:00,TMAX,85.0,GHCND:USW00094728
07307,2019-05-20T00:00:00,TMIN,66.0,GHCND:USW00094728
07307,2019-05-21T00:00:00,PRCP,0.0,GHCND:USW00094728
07307,2019-05-21T00:00:00,TMAX,71.0,GHCND:USW00094728
07307,2019-05-21T00:00:00,TMIN,56.0,GHCND:USW00094728
07307,2019-05-22T00:00:00,PRCP,0.0,GHCND:USW00094728
07307,2019-05-22T00:00:00,TMAX,74.0,GHCND:USW00094728
07307,2019-05-22T00:00:00,TMIN,54.0,GHCND:USW00094728
07307,2019-05-23T00:00:00,PRCP,0.48,GHCND:USW00094728
07307,2019-05-23T00:00:00,TMAX,72.0,GHCND:USW00094728
07307,2019-05-23T00:00:00,TMIN,55.0,GHCND:USW00094728
07307,2019-05-24T00:00:00,PRCP,0.0,GHCND:USW00094728
07307,2019-05-24T00:00:00,TMAX,73.0,GHCND:USW00094728
07307,2019-05-24T00:00:00,TMIN,61.0,GHCND:USW00094728
07307,2019-05-25T00:00:00,PRCP,0.0,GHCND:USW00094728
07307,2019-05-25T00:00:00,TMAX,71.0,GHCND:USW00094728
07307,2019-05-25T00:00:00,TMIN,55.0,GHCND:USW00094728
07307,2019-05-26T00:00:00,PRCP,0.2,GHCND:USW00094728
07307,2019-05-26T00:00:00,TMAX,86.0,GHCND:USW00094728
07307,2019-05-26T00:00:00,TMIN,59.0,GHCND:USW00094728
07307,2019-05-27T00:00:00,PRCP,0.0,GHCND:USW00094728
07307,2019-05-27T00:00:00,TMAX,80.0,GHCND:USW00094728
07307,2019-05-27T00:00:00,TMIN,64.0,GHCND:USW00094728
07307,2019-05-28T00:00:00,PRCP,0.17,GHCND:USW00094728
07307,2019-05-28T00:00:00,TMAX,71.0,GHCND:USW00094728
07307,2019-05-28T00:00:00,TMIN,62.0,GHCND:USW00094728
07307,2019-05-29T00:00:00,PRCP,0.8,GHCND:USW00094728
07307,2019-05-29T00:00:00,TMAX,70.0,GHCND:USW00094728
07307,2019-05-29T00:00:00,TMIN,56.0,GHCND:USW00094728
07307,2019-05-30T00:00:00,PRCP,0.95,GHCND:USW00094728
07307,2019-05-30T00:00:00,TMAX,70.0,GHCND:USW00094728
07307,2019-05-30T00:00:00,TMIN,57.0,GHCND:USW00094728
07307,2019-05-31T00:00:00,PRCP,0.0,GHCND:USW00094728
07307,2019-05-31T00:00:00,TMAX,80.0,GHCND:USW00094728
07307,2019-05-31T00:00:00,TMIN,63.0,GHCND:USW00094728
07307,2019-06-01T00:00:00,PRCP,0.0,GHCND:USW00094728
07307,2019-06-01T00:00:00,TMAX,80.0,GHCND:USW00094728
07307,2019-06-01T00:00:00,TMIN,63.0,GHCND:USW00094728
07307,2019-06-02T00:00:00,PRCP,0.86,GHCND:USW00094728
07307,2019-06-02T00:00:00,TMAX,81.0,GHCND:USW00094728
07307,2019-06-02T00:00:00,TMIN,61.0,GHCND:USW00094728
07307,2019-06-03T00:00:00,PRCP,0.0,GHCND:USW00094728
07307,2019-06-03T00:00:00,TMAX,70.0,GHCND:USW00094728
07307,2019-06-03T00:00:00,TMIN,58.0,GHCND:USW00094728
07307,2019-06-04T00:00:00,PRCP,0.0,GHCND:USW00094728
07307,2019-06-04T00:00:00,TMAX,70.0,GHCND:USW00094728
07307,2019-06-04T00:00:00,TMIN,54.0,GHCND:USW00094728
07307,2019-06-05T00:00:00,PRCP,0.0,GHCND:USW00094728
07307,2019-06-05T00:00:00,TMAX,81.0,GHCND:USW00094728
07307,2019-06-05T00:00:00,TMIN,64.0,GHCND:USW00094728
07307,2019-06-06T00:00:00,PRCP,0.04,GHCND:USW00094728
07307,2019-06-06T00:00:00,TMAX,83.0,GHCND:USW00094728
07307,2019-06-06T00:00:00,TMIN,68.0,GHCND:USW00094728
07307,2019-06-07T00:00:00,PRCP,0.0,GHCND:USW00094728
07307,2019-06-07T00:00:00,TMAX,81.0,GHCND:USW00094728
07307,2019-06-07T00:00:00,TMIN,66.0,GHCND:USW00094728
07307,2019-06-08T00:00:00,PRCP,0.0,GHCND:USW00094728
07307,2019-06-08T00:00:00,TMAX,81.0,GHCND:USW00094728
07307,2019-06-08T00:00:00,TMIN,63.0,GHCND:USW00094728
07307,2019-06-09T00:00:00,PRCP,0.0,GHCND:USW00094728
07307,2019-06-09T00:00:00,TMAX,78.0,GHCND:USW00094728
07307,2019-06-09T00:00:00,TMIN,60.0,GHCND:USW00094728
07307,2019-06-10T00:00:00,PRCP,0.62,GHCND:USW00094728
07307,2019-06-10T00:00:00,TMAX,70.0,GHCND:USW00094728
07307,2019-06-10T00:00:00,TMIN,60.0,GHCND:USW00094728
07307,2019-06-11T00:00:00,PRCP,0.45,GHCND:USW00094728
07307,2019-06-11T00:00:00,TMAX,77.0,GHCND:USW00094728
07307,2019-06-11T00:00:00,TMIN,63.0,GHCND:USW00094728
07307,2019-06-12T00:00:00,PRCP,0.0,GHCND:USW00094728
07307,2019-06-12T00:00:00,TMAX,74.0,GHCND:USW00094728
07307,2019-06-12T00:00:00,TMIN,59.0,GHCND:USW00094728
07307,2019-06-13T00:00:00,PRCP,0.6,GHCND:USW00094728
07307,2019-06-13T00:00:00,TMAX,65.0,GHCND:USW00094728
07307,2019-06-13T00:00:00,TMIN,55.0,GHCND:USW00094728
07307,2019-06-14T00:00:00,PRCP,0.0,GHCND:USW00094728
07307,2019-06-14T00:00:00,TMAX,73.0,GHCND:USW00094728
07307,2019-06-14T00:00:00,TMIN,58.0,GHCND:USW00094728
07307,2019-06-15T00:00:00,PRCP,0.0,GHCND:USW00094728
07307,2019-06-15T00:00:00,TMAX,81.0,GHCND:USW00094728
07307,2019-06-15T00:00:00,TMIN,60.0,GHCND:USW00094728
07307,2019-06-16T00:00:00,PRCP,0.04,GHCND:USW00094728
07307,2019-06-16T00:00:00,TMAX,80.0,GHCND:USW00094728
07307,2019-06-16T00:00:00,TMIN,65.0,GHCND:USW00094728
07307,2019-06-17T00:00:00,PRCP,0.0,GHCND:USW00094728
07307,2019-06-17T00:00:00,TMAX,76.0,GHCND:USW00094728
07307,2019-06-17T00:00:00,TMIN,69.0,GHCND:USW00094728
07307,2019-06-18T00:00:00,PRCP,0.79,GHCND:USW00094728
07307,2019-06-18T00:00:00,TMAX,73.0,GHCND:USW00094728
07307,2019-06-18T00:00:00,TMIN,67.0,GHCND:USW00094728
07307,2019-06-19T00:00:00,PRCP,0.11,GHCND:USW00094728
07307,2019-06-19T00:00:00,TMAX,71.0,GHCND:USW00094728
07307,2019-06-19T00:00:00,TMIN,66.0,GHCND:USW00094728
07307,2019-06-20T00:00:00,PRCP,0.42,GHCND:USW00094728
07307,2019-06-20T00:00:00,TMAX,78.0,GHCND:USW00094728
07307,2019-06-20T00:00:00,TMIN,65.0,GHCND:USW00094728
07307,2019-06-21T00:00:00,PRCP,0.53,GHCND:USW00094728
07307,2019-06-21T00:00:00,TMAX,77.0,GHCND:USW00094728
07307,2019-06-21T00:00:00,TMIN,65.0,GHCND:USW00094728
07307,2019-06-22T00:00:00,PRCP,0.0,GHCND:USW00094728
07307,2019-06-22T00:00:00,TMAX,79.0,GHCND:USW00094728
07307,2019-06-22T00:00:00,TMIN,61.0,GHCND:USW00094728
07307,2019-06-23T00:00:00,PRCP,0.0,GHCND:USW00094728
07307,2019-06-23T00:00:00,TMAX,83.0,GHCND:USW00094728
07307,2019-06-23T00:00:00,TMIN,64.0,GHCND:USW00094728
07307,2019-06-24T00:00:00,PRCP,0.0,GHCND:USW00094728
07307,2019-06-24T00:00:00,TMAX,84.0,GHCND:USW00094728
07307,2019-06-24T00:00:00,TMIN,67.0,GHCND:USW00094728
07307,2019-06-25T00:00:00,PRCP,0.86,GHCND:USW00094728
07307,2019-06-25T00:00:00,TMAX,84.0,GHCND:USW00094728
07307,2019-06-25T00:00:00,TMIN,72.0,GHCND:USW00094728
07307,2019-06-26T00:00:00,PRCP,0.0,GHCND:USW00094728
07307,2019-06-26T00:00:00,TMAX,87.0,GHCND:USW00094728
07307,2019-06-26T00:00:00,TMIN,72.0,GHCND:USW00094728
07307,2019-06-27T00:00:00,PRCP,0.0,GHCND:USW00094728
07307,2019-06-27T00:00:00,TMAX,89.0,GHCND:USW00094728
07307,2019-06-27T00:00:00,TMIN,71.0,GHCND:USW00094728
07307,2019-06-28T00:00:00,PRCP,0.0,GHCND:USW00094728
07307,2019-06-28T00:00:00,TMAX,89.0,GHCND:USW00094728
07307,2019-06-28T00:00:00,TMIN,73.0,GHCND:USW00094728
07307,2019-06-29T00:00:00,PRCP,0.08,GHCND:USW00094728
07307,2019-06-29T00:00:00,TMAX,91.0,GHCND:USW00094728
07307,2019-06-29T00:00:00,TMIN,72.0,GHCND:USW00094728
07307,2019-06-30T00:00:00,PRCP,0.06,GHCND:USW00094728
07307,2019-06-30T00:00:00,TMAX,83.0,GHCND:USW00094728
07307,2019-06-30T00:00:00,TMIN,69.0,GHCND:USW00094728
07307,2019-07-01T00:00:00,PRCP,0.0,GHCND:USW00094728
07307,2019-07-01T00:00:00,TMAX,85.0,GHCND:USW00094728
07307,2019-07-01T00:00:00,TMIN,65.0,GHCND:USW00094728
07307,2019-07-02T00:00:00,PRCP,0.02,GHCND:USW00094728
07307,2019-07-02T00:00:00,TMAX,85.0,GHCND:USW00094728
07307,2019-07-02T00:00:00,TMIN,71.0,GHCND:USW00094728
07307,2019-07-03T00:00:00,PRCP,0.0,GHCND:USW00094728
07307,2019-07-03T00:00:00,TMAX,87.0,GHCND:USW00094728
07307,2019-07-03T00:00:00,TMIN,75.0,GHCND:USW00094728
07307,2019-07-04T00:00:00,PRCP,0.0,GHCND:USW00094728
07307,2019-07-04T00:00:00,TMAX,90.0,GHCND:USW00094728
07307,2019-07-04T00:00:00,TMIN,74.0,GHCND:USW00094728
07307,2019-07-05T00:00:00,PRCP,0.0,GHCND:USW00094728
07307,2019-07-05T00:00:00,TMAX,86.0,GHCND:USW00094728
07307,2019-07-05T00:00:00,TMIN,72.0,GHCND:USW00094728
07307,2019-07-06T00:00:00,PRCP,0.0,GHCND:USW00094728
07307,2019-07-06T00:00:00,TMAX,90.0,GHCND:USW00094728
07307,2019-07-06T00:00:00,TMIN,76.0,GHCND:USW00094728
07307,2019-07-07T00:00:00,PRCP,0.0,GHCND:USW00094728
07307,2019-07-07T00:00:00,TMAX,86.0,GHCND:USW00094728
07307,2019-07-07T00:00:00,TMIN,72.0,GHCND:USW00094728
07307,2019-07-08T00:00:00,PRCP,0.04,GHCND:USW00094728
07307,2019-07-08T00:00:00,TMAX,78.0,GHCND:USW00094728
07307,2019-07-08T00:00:00,TMIN,68.0,GHCND:USW00094728
07307,2019-07-09T00:00:00,PRCP,0.0,GHCND:USW00094728
07307,2019-07-09T00:00:00,TMAX,87.0,GHCND:USW00094728
07307,2019-07-09T00:00:00,TMIN,69.0,GHCND:USW00094728
07307,2019-07-10T00:00:00,PRCP,0.0,GHCND:USW00094728
07307,2019-07-10T00:00:00,TMAX,88.0,GHCND:USW00094728
07307,2019-07-10T00:00:00,TMIN,74.0,GHCND:USW00094728
07307,2019-07-11T00:00:00,PRCP,0.79,GHCND:USW00094728
07307,2019-07-11T00:00:00,TMAX,87.0,GHCND:USW00094728
07307,2019-07-11T00:00:00,TMIN,73.0,GHCND:USW00094728
07307,2019-07-12T00:00:00,PRCP,0.0,GHCND:USW00094728
07307,2019-07-12T00:00:00,TMAX,87.0,GHCND:USW00094728
07307,2019-07-12T00:00:00,TMIN,72.0,GHCND:USW00094728
07307,2019-07-13T00:00:00,PRCP,0.0,GHCND:USW00094728
07307,2019-07-13T00:00:00,TMAX,85.0,GHCND:USW00094728
07307,2019-07-13T00:00:00,TMIN,70.0,GHCND:USW00094728
07307,2019-07-14T00:00:00,PRCP,0.0,GHCND:USW00094728
07307,2019-07-14T00:00:00,TMAX,89.0,GHCND:USW00094728
07307,2019-07-14T00:00:00,TMIN,76.0,GHCND:USW00094728
07307,2019-07-15T00:00:00,PRCP,0.0,GHCND:USW00094728
07307,2019-07-15T00:00:00,TMAX,85.0,GHCND:USW00094728
07307,2019-07-15T00:00:00,TMIN,68.0,GHCND:USW00094728
07307,2019-07-16T00:00:00,PRCP,0.0,GHCND:USW00094728
07307,2019-07-16T00:00:00,TMAX,91.0,GHCND:USW00094728
07307,2019-07-16T00:00:00,TMIN,72.0,GHCND:USW00094728
07307,2019-07-17T00:00:00,PRCP,1.82,GHCND:USW00094728
07307,2019-07-17T00:00:00,TMAX,93.0,GHCND:USW00094728
07307,2019-07-17T00:00:00,TMIN,73.0,GHCND:USW00094728
07307,2019-07-18T00:00:00,PRCP,0.51,GHCND:USW00094728
07307,2019-07-18T00:00:00,TMAX,79.0,GHCND:USW00094728
07307,2019-07-18T00:00:00,TMIN,71.0,GHCND:USW00094728
07307,2019-07-19T00:00:00,PRCP,0.0,GHCND:USW00094728
07307,2019-07-19T00:00:00,TMAX,91.0,GHCND:USW00094728
07307,2019-07-19T00:00:00,TMIN,71.0,GHCND:USW00094728
07307,2019-07-20T00:00:00,PRCP,0.0,GHCND:USW00094728
07307,2019-07-20T00:00:00,TMAX,95.0,GHCND:USW00094728
07307,2019-07-20T00:00:00,TMIN,82.0,GHCND:USW00094728
07307,2019-07-21T00:00:00,PRCP,0.0,GHCND:USW00094728
07307,2019-07-21T00:00:00,TMAX,95.0,GHCND:USW00094728
07307,2019-07-21T00:00:00,TMIN,80.0,GHCND:USW00094728
07307,2019-07-22T00:00:00,PRCP,1.66,GHCND:USW00094728
07307,2019-07-22T00:00:00,TMAX,90.0,GHCND:USW00094728
07307,2019-07-22T00:00:00,TMIN,72.0,GHCND:USW00094728
07307,2019-07-23T00:00:00,PRCP,0.53,GHCND:USW00094728
07307,2019-07-23T00:00:00,TMAX,74.0,GHCND:USW00094728
07307,2019-07-23T00:00:00,TMIN,67.0,GHCND:USW00094728
07307,2019-07-24T00:00:00,PRCP,0.02,GHCND:USW00094728
07307,2019-07-24T00:00:00,TMAX,83.0,GHCND:USW00094728
07307,2019-07-24T00:00:00,TMIN,67.0,GHCND:USW00094728
07307,2019-07-25T00:00:00,PRCP,0.0,GHCND:USW00094728
07307,2019-07-25T00:00:00,TMAX,84.0,GHCND:USW00094728
07307,2019-07-25T00:00:00,TMIN,70.0,GHCND:USW00094728
07307,2019-07-26T00:00:00,PRCP,0.0,GHCND:USW00094728
07307,2019-07-26T00:00:00,TMAX,88.0,GHCND:USW00094728
07307,2019-07-26T00:00:00,TMIN,69.0,GHCND:USW00094728
07307,2019-07-27T00:00:00,PRCP,0.0,GHCND:USW00094728
07307,2019-07-27T00:00:00,TMAX,85.0,GHCND:USW00094728
07307,2019-07-27T00:00:00,TMIN,72.0,GHCND:USW00094728
07307,2019-07-28T00:00:00,PRCP,0.01,GHCND:USW00094728
07307,2019-07-28T00:00:00,TMAX,88.0,GHCND:USW00094728
07307,2019-07-28T00:00:00,TMIN,71.0,GHCND:USW00094728
07307,2019-07-29T00:00:00,PRCP,0.0,GHCND:USW00094728
07307,2019-07-29T00:00:00,TMAX,90.0,GHCND:USW00094728
07307,2019-07-29T00:00:00,TMIN,73.0,GHCND:USW00094728
07307,2019-07-30T00:00:00,PRCP,0.01,GHCND:USW00094728
07307,2019-07-30T00:00:00,TMAX,92.0,GHCND:USW00094728
07307,2019-07-30T00:00:00,TMIN,78.0,GHCND:USW00094728
07307,2019-07-31T00:00:00,PRCP,0.36,GHCND:USW00094728
07307,2019-07-31T00:00:00,TMAX,87.0,GHCND:USW00094728
07307,2019-07-31T00:00:00,TMIN,70.0,GHCND:USW00094728
07307,2019-08-01T00:00:00,PRCP,0.0,GHCND:USW00094728
07307,2019-08-01T00:00:00,TMAX,87.0,GHCND:USW00094728
07307,2019-08-01T00:00:00,TMIN,70.0,GHCND:USW00094728
07307,2019-08-02T00:00:00,PRCP,0.0,GHCND:USW00094728
07307,2019-08-02T00:00:00,TMAX,84.0,GHCND:USW00094728
07307,2019-08-02T00:00:00,TMIN,73.0,GHCND:USW00094728
07307,2019-08-03T00:00:00,PRCP,0.21,GHCND:USW00094728
07307,2019-08-03T00:00:00,TMAX,86.0,GHCND:USW00094728
07307,2019-08-03T00:00:00,TMIN,68.0,GHCND:USW00094728
07307,2019-08-04T00:00:00,PRCP,0.0,GHCND:USW00094728
07307,2019-08-04T00:00:00,TMAX,87.0,GHCND:USW00094728
07307,2019-08-04T00:00:00,TMIN,69.0,GHCND:USW00094728
07307,2019-08-05T00:00:00,PRCP,0.0,GHCND:USW00094728
07307,2019-08-05T00:00:00,TMAX,82.0,GHCND:USW00094728
07307,2019-08-05T00:00:00,TMIN,70.0,GHCND:USW00094728
07307,2019-08-06T00:00:00,PRCP,0.04,GHCND:USW00094728
07307,2019-08-06T00:00:00,TMAX,79.0,GHCND:USW00094728
07307,2019-08-06T00:00:00,TMIN,71.0,GHCND:USW00094728
07307,2019-08-07T00:00:00,PRCP,1.18,GHCND:USW00094728
07307,2019-08-07T00:00:00,TMAX,84.0,GHCND:USW00094728
07307,2019-08-07T00:00:00,TMIN,69.0,GHCND:USW00094728
07307,2019-08-08T00:00:00,PRCP,0.2,GHCND:USW00094728
07307,2019-08-08T00:00:00,TMAX,84.0,GHCND:USW00094728
07307,2019-08-08T00:00:00,TMIN,67.0,GHCND:USW00094728
07307,2019-08-09T00:00:00,PRCP,0.08,GHCND:USW00094728
07307,2019-08-09T00:00:00,TMAX,83.0,GHCND:USW00094728
07307,2019-08-09T00:00:00,TMIN,68.0,GHCND:USW00094728
07307,2019-08-10T00:00:00,PRCP,0.0,GHCND:USW00094728
07307,2019-08-10T00:00:00,TMAX,81.0,GHCND:USW00094728
07307,2019-08-10T00:00:00,TMIN,66.0,GHCND:USW00094728
07307,2019-08-11T00:00:00,PRCP,0.0,GHCND:USW00094728
07307,2019-08-11T00:00:00,TMAX,80.0,GHCND:USW00094728
07307,2019-08-11T00:00:00,TMIN,63.0,GHCND:USW00094728
07307,2019-08-12T00:00:00,PRCP,0.0,GHCND:USW00094728
07307,2019-08-12T00:00:00,TMAX,85.0,GHCND:USW00094728
07307,2019-08-12T00:00:00,TMIN,68.0,GHCND:USW00094728
07307,2019-08-13T00:00:00,PRCP,0.07,GHCND:USW00094728
07307,2019-08-13T00:00:00,TMAX,79.0,GHCND:USW00094728
07307,2019-08-13T00:00:00,TMIN,71.0,GHCND:USW00094728
07307,2019-08-14T00:00:00,PRCP,0.0,GHCND:USW00094728
07307,2019-08-14T00:00:00,TMAX,84.0,GHCND:USW00094728
07307,2019-08-14T00:00:00,TMIN,73.0,GHCND:USW00094728
07307,2019-08-15T00:00:00,PRCP,0.0,GHCND:USW00094728
07307,2019-08-15T00:00:00,TMAX,85.0,GHCND:USW00094728
07307,2019-08-15T00:00:00,TMIN,70.0,GHCND:USW00094728
07307,2019-08-16T00:00:00,PRCP,0.0,GHCND:USW00094728
07307,2019-08-16T00:00:00,TMAX,79.0,GHCND:USW00094728
07307,2019-08-16T00:00:00,TMIN,68.0,GHCND:USW00094728
07307,2019-08-17T00:00:00,PRCP,0.0,GHCND:USW00094728
07307,2019-08-17T00:00:00,TMAX,87.0,GHCND:USW00094728
07307,2019-08-17T00:00:00,TMIN,73.0,GHCND:USW00094728
07307,2019-08-18T00:00:00,PRCP,0.64,GHCND:USW00094728
07307,2019-08-18T00:00:00,TMAX,90.0,GHCND:USW00094728
07307,2019-08-18T00:00:00,TMIN,70.0,GHCND:USW00094728
07307,2019-08-19T00:00:00,PRCP,0.0,GHCND:USW00094728
07307,2019-08-19T00:00:00,TMAX,90.0,GHCND:USW00094728
07307,2019-08-19T00:00:00,TMIN,72.0,GHCND:USW00094728
07307,2019-08-20T00:00:00,PRCP,0.0,GHCND:USW00094728
07307,2019-08-20T00:00:00,TMAX,88.0,GHCND:USW00094728
07307,2019-08-20T00:00:00,TMIN,75.0,GHCND:USW00094728
07307,2019-08-21T00:00:00,PRCP,0.1,GHCND:USW00094728
07307,2019-08-21T00:00:00,TMAX,87.0,GHCND:USW00094728
07307,2019-08-21T00:00:00,TMIN,74.0,GHCND:USW00094728
07307,2019-08-22T00:00:00,PRCP,1.01,GHCND:USW00094728
07307,2019-08-22T00:00:00,TMAX,90.0,GHCND:USW00094728
07307,2019-08-22T00:00:00,TMIN,71.0,GHCND:USW00094728
07307,2019-08-23T00:00:00,PRCP,0.09,GHCND:USW00094728
07307,2019-08-23T00:00:00,TMAX,74.0,GHCND:USW00094728
07307,2019-08-23T00:00:00,TMIN,65.0,GHCND:USW00094728
07307,2019-08-24T00:00:00,PRCP,0.0,GHCND:USW00094728
07307,2019-08-24T00:00:00,TMAX,76.0,GHCND:USW00094728
07307,2019-08-24T00:00:00,TMIN,64.0,GHCND:USW00094728
07307,2019-08-25T00:00:00,PRCP,0.0,GHCND:USW00094728
07307,2019-08-25T00:00:00,TMAX,77.0,GHCND:USW00094728
07307,2019-08-25T00:00:00,TMIN,63.0,GHCND:USW00094728
07307,2019-08-26T00:00:00,PRCP,0.0,GHCND:USW00094728
07307,2019-08-26T00:00:00,TMAX,74.0,GHCND:USW00094728
07307,2019-08-26T00:00:00,TMIN,61.0,GHCND:USW00094728
07307,2019-08-27T00:00:00,PRCP,0.0,GHCND:USW00094728
07307,2019-08-27T00:00:00,TMAX,75.0,GHCND:USW00094728
07307,2019-08-27T00:00:00,TMIN,62.0,GHCND:USW00094728
07307,2019-08-28T00:00:00,PRCP,0.08,GHCND:USW00094728
07307,2019-08-28T00:00:00,TMAX,74.0,GHCND:USW00094728
07307,2019-08-28T00:00:00,TMIN,67.0,GHCND:USW00094728
07307,2019-08-29T00:00:00,PRCP,0.0,GHCND:USW00094728
07307,2019-08-29T00:00:00,TMAX,81.0,GHCND:USW00094728
07307,2019-08-29T00:00:00,TMIN,65.0,GHCND:USW00094728
07307,2019-08-30T00:00:00,PRCP,0.0,GHCND:USW00094728
07307,2019-08-30T00:00:00,TMAX,86.0,GHCND:USW00094728
07307,2019-08-30T00:00:00,TMIN,67.0,GHCND:USW00094728
07307,2019-08-31T00:00:00,PRCP,0.0,GHCND:USW00094728
07307,2019-08-31T00:00:00,TMAX,81.0,GHCND:USW00094728
07307,2019-08-31T00:00:00,TMIN,69.0,GHCND:USW00094728
07307,2019-09-01T00:00:00,PRCP,0.0,GHCND:USW00094728
07307,2019-09-01T00:00:00,TMAX,78.0,GHCND:USW00094728
07307,2019-09-01T00:00:00,TMIN,63.0,GHCND:USW00094728
07307,2019-09-02T00:00:00,PRCP,0.3,GHCND:USW00094728
07307,2019-09-02T00:00:00,TMAX,74.0,GHCND:USW00094728
07307,2019-09-02T00:00:00,TMIN,69.0,GHCND:USW00094728
07307,2019-09-03T00:00:00,PRCP,0.0,GHCND:USW00094728
07307,2019-09-03T00:00:00,TMAX,82.0,GHCND:USW00094728
07307,2019-09-03T00:00:00,TMIN,67.0,GHCND:USW00094728
07307,2019-09-04T00:00:00,PRCP,0.0,GHCND:USW00094728
07307,2019-09-04T00:00:00,TMAX,87.0,GHCND:USW00094728
07307,2019-09-04T00:00:00,TMIN,68.0,GHCND:USW00094728
07307,2019-09-05T00:00:00,PRCP,0.0,GHCND:USW00094728
07307,2019-09-05T00:00:00,TMAX,74.0,GHCND:USW00094728
07307,2019-09-05T00:00:00,TMIN,65.0,GHCND:USW00094728
07307,2019-09-06T00:00:00,PRCP,0.32,GHCND:USW00094728
07307,2019-09-06T00:00:00,TMAX,67.0,GHCND:USW00094728
07307,2019-09-06T00:00:00,TMIN,58.0,GHCND:USW00094728
07307,2019-09-07T00:00:00,PRCP,0.02,GHCND:USW00094728
07307,2019-09-07T00:00:00,TMAX,75.0,GHCND:USW00094728
07307,2019-09-07T00:00:00,TMIN,56.0,GHCND:USW00094728
07307,2019-09-08T00:00:00,PRCP,0.0,GHCND:USW00094728
07307,2019-09-08T00:00:00,TMAX,77.0,GHCND:USW00094728
07307,2019-09-08T00:00:00,TMIN,63.0,GHCND:USW00094728
07307,2019-09-09T00:00:00,PRCP,0.0,GHCND:USW00094728
07307,2019-09-09T00:00:00,TMAX,78.0,GHCND:USW00094728
07307,2019-09-09T00:00:00,TMIN,64.0,GHCND:USW00094728
07307,2019-09-10T00:00:00,PRCP,0.01,GHCND:USW00094728
07307,2019-09-10T00:00:00,TMAX,76.0,GHCND:USW00094728
07307,2019-09-10T00:00:00,TMIN,66.0,GHCND:USW00094728
07307,2019-09-11T00:00:00,PRCP,0.0,GHCND:USW00094728
07307,2019-09-11T00:00:00,TMAX,88.0,GHCND:USW00094728
07307,2019-09-11T00:00:00,TMIN,69.0,GHCND:USW00094728
07307,2019-09-12T00:00:00,PRCP,0.17,GHCND:USW00094728
07307,2019-09-12T00:00:00,TMAX,81.0,GHCND:USW00094728
07307,2019-09-12T00:00:00,TMIN,61.0,GHCND:USW00094728
07307,2019-09-13T00:00:00,PRCP,0.0,GHCND:USW00094728
07307,2019-09-13T00:00:00,TMAX,72.0,GHCND:USW00094728
07307,2019-09-13T00:00:00,TMIN,57.0,GHCND:USW00094728
07307,2019-09-14T00:00:00,PRCP,0.0,GHCND:USW00094728
07307,2019-09-14T00:00:00,TMAX,74.0,GHCND:USW00094728
07307,2019-09-14T00:00:00,TMIN,61.0,GHCND:USW00094728
07307,2019-09-15T00:00:00,PRCP,0.0,GHCND:USW00094728
07307,2019-09-15T00:00:00,TMAX,82.0,GHCND:USW00094728
07307,2019-09-15T00:00:00,TMIN,68.0,GHCND:USW00094728
07307,2019-09-16T00:00:00,PRCP,0.0,GHCND:USW00094728
07307,2019-09-16T00:00:00,TMAX,77.0,GHCND:USW00094728
07307,2019-09-16T00:00:00,TMIN,68.0,GHCND:USW00094728
07307,2019-09-17T00:00:00,PRCP,0.0,GHCND:USW00094728
07307,2019-09-17T00:00:00,TMAX,76.0,GHCND:USW00094728
07307,2019-09-17T00:00:00,TMIN,62.0,GHCND:USW00094728
07307,2019-09-18T00:00:00,PRCP,0.0,GHCND:USW00094728
07307,2019-09-18T00:00:00,TMAX,69.0,GHCND:USW00094728
07307,2019-09-18T00:00:00,TMIN,57.0,GHCND:USW00094728
07307,2019-09-19T00:00:00,PRCP,0.0,GHCND:USW00094728
07307,2019-09-19T00:00:00,TMAX,70.0,GHCND:USW00094728
07307,2019-09-19T00:00:00,TMIN,52.0,GHCND:USW00094728
07307,2019-09-20T00:00:00,PRCP,0.0,GHCND:USW00094728
07307,2019-09-20T00:00:00,TMAX,78.0,GHCND:USW00094728
07307,2019-09-20T00:00:00,TMIN,56.0,GHCND:USW00094728
07307,2019-09-21T00:00:00,PRCP,0.0,GHCND:USW00094728
07307,2019-09-21T00:00:00,TMAX,84.0,GHCND:USW00094728
07307,2019-09-21T00:00:00,TMIN,61.0,GHCND:USW00094728
07307,2019-09-22T00:00:00,PRCP,0.0,GHCND:USW00094728
07307,2019-09-22T00:00:00,TMAX,86.0,GHCND:USW00094728
07307,2019-09-22T00:00:00,TMIN,67.0,GHCND:USW00094728
07307,2019-09-23T00:00:00,PRCP,0.11,GHCND:USW00094728
07307,2019-09-23T00:00:00,TMAX,89.0,GHCND:USW00094728
07307,2019-09-23T00:00:00,TMIN,70.0,GHCND:USW00094728
07307,2019-09-24T00:00:00,PRCP,0.0,GHCND:USW00094728
07307,2019-09-24T00:00:00,TMAX,76.0,GHCND:USW00094728
07307,2019-09-24T00:00:00,TMIN,63.0,GHCND:USW00094728
07307,2019-09-25T00:00:00,PRCP,0.0,GHCND:USW00094728
07307,2019-09-25T00:00:00,TMAX,79.0,GHCND:USW00094728
07307,2019-09-25T00:00:00,TMIN,58.0,GHCND:USW00094728
07307,2019-09-26T00:00:00,PRCP,0.02,GHCND:USW00094728
07307,2019-09-26T00:00:00,TMAX,83.0,GHCND:USW00094728
07307,2019-09-26T00:00:00,TMIN,63.0,GHCND:USW00094728
07307,2019-09-27T00:00:00,PRCP,0.0,GHCND:USW00094728
07307,2019-09-27T00:00:00,TMAX,76.0,GHCND:USW00094728
07307,2019-09-27T00:00:00,TMIN,59.0,GHCND:USW00094728
07307,2019-09-28T00:00:00,PRCP,0.0,GHCND:USW00094728
07307,2019-09-28T00:00:00,TMAX,82.0,GHCND:USW00094728
07307,2019-09-28T00:00:00,TMIN,65.0,GHCND:USW00094728
07307,2019-09-29T00:00:00,PRCP,0.0,GHCND:USW00094728
07307,2019-09-29T00:00:00,TMAX,80.0,GHCND:USW00094728
07307,2019-09-29T00:00:00,TMIN,65.0,GHCND:USW00094728
07307,2019-09-30T00:00:00,PRCP,0.0,GHCND:USW00094728
07307,2019-09-30T00:00:00,TMAX,71.0,GHCND:USW00094728
07307,2019-09-30T00:00:00,TMIN,60.0,GHCND:USW00094728
07307,2019-10-01T00:00:00,PRCP,0.0,GHCND:USW00094728
07307,2019-10-01T00:00:00,TMAX,81.0,GHCND:USW00094728
07307,2019-10-01T00:00:00,TMIN,63.0,GHCND:USW00094728
07307,2019-10-02T00:00:00,PRCP,0.03,GHCND:USW00094728
07307,2019-10-02T00:00:00,TMAX,93.0,GHCND:USW00094728
07307,2019-10-02T00:00:00,TMIN,63.0,GHCND:USW00094728
07307,2019-10-03T00:00:00,PRCP,0.34,GHCND:USW00094728
07307,2019-10-03T00:00:00,TMAX,63.0,GHCND:USW00094728
07307,2019-10-03T00:00:00,TMIN,53.0,GHCND:USW00094728
07307,2019-10-04T00:00:00,PRCP,0.0,GHCND:USW00094728
07307,2019-10-04T00:00:00,TMAX,66.0,GHCND:USW00094728
07307,2019-10-04T00:00:00,TMIN,50.0,GHCND:USW00094728
07307,2019-10-05T00:00:00,PRCP,0.0,GHCND:USW00094728
07307,2019-10-05T00:00:00,TMAX,61.0,GHCND:USW00094728
07307,2019-10-05T00:00:00,TMIN,45.0,GHCND:USW00094728
07307,2019-10-06T00:00:00,PRCP,0.01,GHCND:USW00094728
07307,2019-10-06T00:00:00,TMAX,70.0,GHCND:USW00094728
07307,2019-10-06T00:00:00,TMIN,57.0,GHCND:USW00094728
07307,2019-10-07T00:00:00,PRCP,0.2,GHCND:USW00094728
07307,2019-10-07T00:00:00,TMAX,79.0,GHCND:USW00094728
07307,2019-10-07T00:00:00,TMIN,59.0,GHCND:USW00094728
07307,2019-10-08T00:00:00,PRCP,0.02,GHCND:USW00094728
07307,2019-10-08T00:00:00,TMAX,64.0,GHCND:USW00094728
07307,2019-10-08T00:00:00,TMIN,57.0,GHCND:USW00094728
07307,2019-10-09T00:00:00,PRCP,0.54,GHCND:USW00094728
07307,2019-10-09T00:00:00,TMAX,59.0,GHCND:USW00094728
07307,2019-10-09T00:00:00,TMIN,51.0,GHCND:USW00094728
07307,2019-10-10T00:00:00,PRCP,0.0,GHCND:USW00094728
07307,2019-10-10T00:00:00,TMAX,71.0,GHCND:USW00094728
07307,2019-10-10T00:00:00,TMIN,53.0,GHCND:USW00094728
07307,2019-10-11T00:00:00,PRCP,0.0,GHCND:USW00094728
07307,2019-10-11T00:00:00,TMAX,64.0,GHCND:USW00094728
07307,2019-10-11T00:00:00,TMIN,55.0,GHCND:USW00094728
07307,2019-10-12T00:00:00,PRCP,0.0,GHCND:USW00094728
07307,2019-10-12T00:00:00,TMAX,67.0,GHCND:USW00094728
07307,2019-10-12T00:00:00,TMIN,55.0,GHCND:USW00094728
07307,2019-10-13T00:00:00,PRCP,0.0,GHCND:USW00094728
07307,2019-10-13T00:00:00,TMAX,67.0,GHCND:USW00094728
07307,2019-10-13T00:00:00,TMIN,53.0,GHCND:USW00094728
07307,2019-10-14T00:00:00,PRCP,0.0,GHCND:USW00094728
07307,2019-10-14T00:00:00,TMAX,72.0,GHCND:USW00094728
07307,2019-10-14T00:00:00,TMIN,58.0,GHCND:USW00094728
07307,2019-10-15T00:00:00,PRCP,0.0,GHCND:USW00094728
07307,2019-10-15T00:00:00,TMAX,64.0,GHCND:USW00094728
07307,2019-10-15T00:00:00,TMIN,51.0,GHCND:USW00094728
07307,2019-10-16T00:00:00,PRCP,1.83,GHCND:USW00094728
07307,2019-10-16T00:00:00,TMAX,66.0,GHCND:USW00094728
07307,2019-10-16T00:00:00,TMIN,52.0,GHCND:USW00094728
07307,2019-10-17T00:00:00,PRCP,0.0,GHCND:USW00094728
07307,2019-10-17T00:00:00,TMAX,57.0,GHCND:USW00094728
07307,2019-10-17T00:00:00,TMIN,51.0,GHCND:USW00094728
07307,2019-10-18T00:00:00,PRCP,0.0,GHCND:USW00094728
07307,2019-10-18T00:00:00,TMAX,58.0,GHCND:USW00094728
07307,2019-10-18T00:00:00,TMIN,47.0,GHCND:USW00094728
07307,2019-10-19T00:00:00,PRCP,0.0,GHCND:USW00094728
07307,2019-10-19T00:00:00,TMAX,60.0,GHCND:USW00094728
07307,2019-10-19T00:00:00,TMIN,43.0,GHCND:USW00094728
07307,2019-10-20T00:00:00,PRCP,0.54,GHCND:USW00094728
07307,2019-10-20T00:00:00,TMAX,59.0,GHCND:USW00094728
07307,2019-10-20T00:00:00,TMIN,49.0,GHCND:USW00094728
07307,2019-10-21T00:00:00,PRCP,0.0,GHCND:USW00094728
07307,2019-10-21T00:00:00,TMAX,67.0,GHCND:USW00094728
07307,2019-10-21T00:00:00,TMIN,51.0,GHCND:USW00094728
07307,2019-10-22T00:00:00,PRCP,0.57,GHCND:USW00094728
07307,2019-10-22T00:00:00,TMAX,63.0,GHCND:USW00094728
07307,2019-10-22T00:00:00,TMIN,55.0,GHCND:USW00094728
07307,2019-10-23T00:00:00,PRCP,0.01,GHCND:USW00094728
07307,2019-10-23T00:00:00,TMAX,65.0,GHCND:USW00094728
07307,2019-10-23T00:00:00,TMIN,54.0,GHCND:USW00094728
07307,2019-10-24T00:00:00,PRCP,0.0,GHCND:USW00094728
07307,2019-10-24T00:00:00,TMAX,67.0,GHCND:USW00094728
07307,2019-10-24T00:00:00,TMIN,50.0,GHCND:USW00094728
07307,2019-10-25T00:00:00,PRCP,0.0,GHCND:USW00094728
07307,2019-10-25T00:00:00,TMAX,65.0,GHCND:USW00094728
07307,2019-10-25T00:00:00,TMIN,52.0,GHCND:USW00094728
07307,2019-10-26T00:00:00,PRCP,0.01,GHCND:USW00094728
07307,2019-10-26T00:00:00,TMAX,63.0,GHCND:USW00094728
07307,2019-10-26T00:00:00,TMIN,52.0,GHCND:USW00094728
07307,2019-10-27T00:00:00,PRCP,1.38,GHCND:USW00094728
07307,2019-10-27T00:00:00,TMAX,67.0,GHCND:USW00094728
07307,2019-10-27T00:00:00,TMIN,55.0,GHCND:USW00094728
07307,2019-10-28T00:00:00,PRCP,0.0,GHCND:USW00094728
07307,2019-10-28T00:00:00,TMAX,63.0,GHCND:USW00094728
07307,2019-10-28T00:00:00,TMIN,55.0,GHCND:USW00094728
07307,2019-10-29T00:00:00,PRCP,0.07,GHCND:USW00094728
07307,2019-10-29T00:00:00,TMAX,59.0,GHCND:USW00094728
07307,2019-10-29T00:00:00,TMIN,54.0,GHCND:USW00094728
07307,2019-10-30T00:00:00,PRCP,0.06,GHCND:USW00094728
07307,2019-10-30T00:00:00,TMAX,63.0,GHCND:USW00094728
07307,2019-10-30T00:00:00,TMIN,58.0,GHCND:USW00094728
07307,2019-10-31T00:00:00,PRCP,0.54,GHCND:USW00094728
07307,2019-10-31T00:00:00,TMAX,71.0,GHCND:USW00094728
07307,2019-10-31T00:00:00,TMIN,60.0,GHCND:USW00094728
07307,2019-11-01T00:00:00,PRCP,0.11,GHCND:USW00094728
07307,2019-11-01T00:00:00,TMAX,71.0,GHCND:USW00094728
07307,2019-11-01T00:00:00,TMIN,42.0,GHCND:USW00094728
07307,2019-11-02T00:00:00,PRCP,0.0,GHCND:USW00094728
07307,2019-11-02T00:00:00,TMAX,53.0,GHCND:USW00094728
07307,2019-11-02T00:00:00,TMIN,40.0,GHCND:USW00094728
07307,2019-11-03T00:00:00,PRCP,0.0,GHCND:USW00094728
07307,2019-11-03T00:00:00,TMAX,54.0,GHCND:USW00094728
07307,2019-11-03T00:00:00,TMIN,42.0,GHCND:USW00094728
07307,2019-11-04T00:00:00,PRCP,0.0,GHCND:USW00094728
07307,2019-11-04T00:00:00,TMAX,56.0,GHCND:USW00094728
07307,2019-11-04T00:00:00,TMIN,41.0,GHCND:USW00094728
07307,2019-11-05T00:00:00,PRCP,0.0,GHCND:USW00094728
07307,2019-11-05T00:00:00,TMAX,61.0,GHCND:USW00094728
07307,2019-11-05T00:00:00,TMIN,51.0,GHCND:USW00094728
07307,2019-11-06T00:00:00,PRCP,0.0,GHCND:USW00094728
07307,2019-11-06T00:00:00,TMAX,54.0,GHCND:USW00094728
07307,2019-11-06T00:00:00,TMIN,45.0,GHCND:USW00094728
07307,2019-11-07T00:00:00,PRCP,0.1,GHCND:USW00094728
07307,2019-11-07T00:00:00,TMAX,57.0,GHCND:USW00094728
07307,2019-11-07T00:00:00,TMIN,41.0,GHCND:USW00094728
07307,2019-11-08T00:00:00,PRCP,0.0,GHCND:USW00094728
07307,2019-11-08T00:00:00,TMAX,41.0,GHCND:USW00094728
07307,2019-11-08T00:00:00,TMIN,29.0,GHCND:USW00094728
07307,2019-11-09T00:00:00,PRCP,0.0,GHCND:USW00094728
07307,2019-11-09T00:00:00,TMAX,41.0,GHCND:USW00094728
07307,2019-11-09T00:00:00,TMIN,27.0,GHCND:USW00094728
07307,2019-11-10T00:00:00,PRCP,0.0,GHCND:USW00094728
07307,2019-11-10T00:00:00,TMAX,51.0,GHCND:USW00094728
07307,2019-11-10T00:00:00,TMIN,38.0,GHCND:USW00094728
07307,2019-11-11T00:00:00,PRCP,0.0,GHCND:USW00094728
07307,2019-11-11T00:00:00,TMAX,62.0,GHCND:USW00094728
07307,2019-11-11T00:00:00,TMIN,46.0,GHCND:USW00094728
07307,2019-11-12T00:00:00,PRCP,0.04,GHCND:USW00094728
07307,2019-11-12T00:00:00,TMAX,57.0,GHCND:USW00094728
07307,2019-11-12T00:00:00,TMIN,25.0,GHCND:USW00094728
07307,2019-11-13T00:00:00,PRCP,0.0,GHCND:USW00094728
07307,2019-11-13T00:00:00,TMAX,34.0,GHCND:USW00094728
07307,2019-11-13T00:00:00,TMIN,23.0,GHCND:USW00094728
07307,2019-11-14T00:00:00,PRCP,0.0,GHCND:USW00094728
07307,2019-11-14T00:00:00,TMAX,45.0,GHCND:USW00094728
07307,2019-11-14T00:00:00,TMIN,28.0,GHCND:USW00094728
07307,2019-11-15T00:00:00,PRCP,0.0,GHCND:USW00094728
07307,2019-11-15T00:00:00,TMAX,51.0,GHCND:USW00094728
07307,2019-11-15T00:00:00,TMIN,37.0,GHCND:USW00094728
07307,2019-11-16T00:00:00,PRCP,0.0,GHCND:USW00094728
07307,2019-11-16T00:00:00,TMAX,42.0,GHCND:USW00094728
07307,2019-11-16T00:00:00,TMIN,31.0,GHCND:USW00094728
07307,2019-11-17T00:00:00,PRCP,0.0,GHCND:USW00094728
07307,2019-11-17T00:00:00,TMAX,43.0,GHCND:USW00094728
07307,2019-11-17T00:00:00,TMIN,30.0,GHCND:USW00094728
07307,2019-11-18T00:00:00,PRCP,0.48,GHCND:USW00094728
07307,2019-11-18T00:00:00,TMAX,42.0,GHCND:USW00094728
07307,2019-11-18T00:00:00,TMIN,37.0,GHCND:USW00094728
07307,2019-11-19T00:00:00,PRCP,0.18,GHCND:USW00094728
07307,2019-11-19T00:00:00,TMAX,48.0,GHCND:USW00094728
07307,2019-11-19T00:00:00,TMIN,40.0,GHCND:USW00094728
07307,2019-11-20T00:00:00,PRCP,0.0,GHCND:USW00094728
07307,2019-11-20T00:00:00,TMAX,49.0,GHCND:USW00094728
07307,2019-11-20T00:00:00,TMIN,40.0,GHCND:USW00094728
07307,2019-11-21T00:00:00,PRCP,0.0,GHCND:USW00094728
07307,2019-11-21T00:00:00,TMAX,53.0,GHCND:USW00094728
07307,2019-11-21T00:00:00,TMIN,39.0,GHCND:USW00094728
07307,2019-11-22T00:00:00,PRCP,0.07,GHCND:USW00094728
07307,2019-11-22T00:00:00,TMAX,53.0,GHCND:USW00094728
07307,2019-11-22T00:00:00,TMIN,38.0,GHCND:USW00094728
07307,2019-11-23T00:00:00,PRCP,0.03,GHCND:USW00094728
07307,2019-11-23T00:00:00,TMAX,45.0,GHCND:USW00094728
07307,2019-11-23T00:00:00,TMIN,34.0,GHCND:USW00094728
07307,2019-11-24T00:00:00,PRCP,0.9,GHCND:USW00094728
07307,2019-11-24T00:00:00,TMAX,46.0,GHCND:USW00094728
07307,2019-11-24T00:00:00,TMIN,40.0,GHCND:USW00094728
07307,2019-11-25T00:00:00,PRCP,0.0,GHCND:USW00094728
07307,2019-11-25T00:00:00,TMAX,53.0,GHCND:USW00094728
07307,2019-11-25T00:00:00,TMIN,39.0,GHCND:USW00094728
07307,2019-11-26T00:00:00,PRCP,0.0,GHCND:USW00094728
07307,2019-11-26T00:00:00,TMAX,61.0,GHCND:USW00094728
07307,2019-11-26T00:00:00,TMIN,44.0,GHCND:USW00094728
07307,2019-11-27T00:00:00,PRCP,0.04,GHCND:USW00094728
07307,2019-11-27T00:00:00,TMAX,59.0,GHCND:USW00094728
07307,2019-11-27T00:00:00,TMIN,49.0,GHCND:USW00094728
07307,2019-11-28T00:00:00,PRCP,0.0,GHCND:USW00094728
07307,2019-11-28T00:00:00,TMAX,53.0,GHCND:USW00094728
07307,2019-11-28T00:00:00,TMIN,37.0,GHCND:USW00094728
07307,2019-11-29T00:00:00,PRCP,0.0,GHCND:USW00094728
07307,2019-11-29T00:00:00,TMAX,40.0,GHCND:USW00094728
07307,2019-11-29T00:00:00,TMIN,30.0,GHCND:USW00094728
07307,2019-11-30T00:00:00,PRCP,0.0,GHCND:USW00094728
